payment_id,member_id,amount,payment_date,payment_status
1,13,3423.57,2025-09-27,Paid
2,75,30092.94,2025-08-10,Paid
3,38,30098.99,2024-12-07,Paid
4,17,30012.34,2024-02-24,Pending
5,22,30165.62,2025-07-04,Pending
6,38,30121.69,2024-06-13,Paid
7,10,9101.66,2025-05-08,Paid
8,87,1186.91,2025-05-07,Pending
9,47,3616.27,2024-10-17,Paid
10,69,3481.91,2025-09-09,Paid
11,87,30033.82,2025-02-10,Pending
12,48,3569.93,2024-03-06,Paid
13,80,30166.1,2024-10-15,Paid
14,9,1163.76,2024-07-12,Paid
15,53,3355.91,2024-03-31,Pending
16,39,846.45,2024-09-26,Paid
17,69,8955.46,2025-06-30,Paid
18,96,1034.94,2024-07-10,Paid
19,54,3633.48,2024-10-05,Paid
20,36,3576.11,2025-04-11,Paid
21,57,9142.18,2024-09-28,Paid
22,88,30017.79,2025-05-07,Pending
23,46,3459.26,2024-12-10,Paid
24,16,836.67,2025-03-28,Paid
25,82,3320.23,2025-11-19,Paid
26,17,8827.44,2024-08-27,Paid
27,27,9125.22,2025-03-21,Paid
28,100,9115.46,2025-04-17,Paid
29,36,9195.01,2025-04-08,Paid
30,23,3564.42,2024-12-04,Paid
31,2,30115.99,2025-05-26,Paid
32,42,3369.7,2025-04-18,Paid
33,95,1010.43,2024-03-26,Paid
34,61,1111.21,2024-02-03,Paid
35,14,1001.54,2024-01-28,Pending
36,6,29983.22,2025-12-28,Pending
37,8,1138.92,2024-03-25,Paid
38,14,1084.96,2024-06-20,Paid
39,11,30043.32,2025-01-27,Paid
40,36,29952.36,2024-10-10,Paid
41,38,1002.22,2024-09-27,Paid
42,90,3641.12,2025-11-24,Paid
43,99,8972.03,2025-05-23,Pending
44,53,30130.97,2025-01-29,Paid
45,94,3425.02,2025-03-04,Paid
46,33,30181.44,2025-06-14,Paid
47,61,3336.49,2025-10-08,Paid
48,56,3597.84,2025-04-23,Paid
49,17,3534.59,2025-08-31,Paid
50,43,3464.32,2025-03-25,Pending
51,97,1147.24,2025-11-16,Paid
52,37,29940.66,2024-07-23,Paid
53,28,9062.69,2025-05-18,Paid
54,14,30138.15,2024-06-07,Paid
55,98,30029.64,2024-11-20,Pending
56,72,3543.6,2024-06-21,Paid
57,89,29811.58,2024-09-21,Paid
58,98,30168.62,2025-12-17,Paid
59,24,9026.53,2024-09-25,Paid
60,19,3336.7,2025-10-20,Paid
61,49,981.46,2025-04-15,Paid
62,40,30110.73,2024-02-14,Paid
63,11,3362.23,2024-07-20,Paid
64,7,3408.84,2025-12-07,Paid
65,63,965.67,2025-11-23,Paid
66,66,3438.07,2025-08-24,Paid
67,87,1010.77,2024-03-07,Paid
68,29,1193.78,2024-06-03,Paid
69,27,30178.13,2025-04-11,Paid
70,98,29915.78,2025-12-09,Paid
71,64,870.28,2024-02-06,Paid
72,91,9000.1,2024-08-31,Pending
73,46,3458.83,2025-12-22,Paid
74,56,3483.9,2025-07-28,Paid
75,41,1029.36,2024-05-29,Paid
76,54,29846.07,2025-08-28,Paid
77,42,9120.53,2025-02-08,Paid
78,89,29835.25,2025-03-04,Pending
79,32,1035.55,2025-08-16,Paid
80,51,30098.32,2024-06-19,Paid
81,100,8830.55,2025-07-19,Paid
82,68,9162.37,2025-07-29,Paid
83,94,8894.51,2025-03-11,Paid
84,26,9040.96,2024-07-21,Paid
85,84,3370.86,2025-12-19,Paid
86,64,1101.78,2025-12-21,Paid
87,58,30145.7,2025-01-29,Paid
88,20,827.31,2025-08-05,Paid
89,39,30036.57,2024-03-21,Paid
90,10,29984.7,2025-09-24,Paid
91,48,29830.69,2024-04-06,Pending
92,12,985.08,2024-09-18,Paid
93,95,3479.89,2025-07-29,Pending
94,84,8928.61,2025-03-05,Paid
95,20,3480.21,2024-01-12,Pending
96,44,3501.82,2024-07-12,Paid
97,32,1196.39,2024-04-02,Paid
98,79,8945.56,2024-11-03,Pending
99,50,1109.79,2024-03-23,Paid
100,7,29826.36,2024-02-16,Paid
